id,title,content,category,date
1,"Teknologi AI Mengubah Industri Kreatif","Kecerdasan buatan semakin mendominasi industri kreatif di Indonesia. Banyak perusahaan mulai mengadopsi AI untuk meningkatkan produktivitas dan kualitas konten. Para seniman dan desainer juga memanfaatkan teknologi ini untuk menciptakan karya yang lebih inovatif.","Teknologi","2024-01-15"
2,"Pariwisata Bali Pulih Pasca Pandemi","Sektor pariwisata di Bali menunjukkan pemulihan yang signifikan setelah dua tahun terdampak pandemi. Jumlah wisatawan mancanegara meningkat 150% dibandingkan tahun lalu. Hotel dan restoran mulai ramai kembali, memberikan harapan bagi ekonomi lokal.","Pariwisata","2024-01-20"
3,"Olahraga Tradisional Indonesia Kian Populer","Olahraga tradisional seperti pencak silat dan sepak takraw semakin populer di kalangan generasi muda. Pemerintah terus mendukung pengembangan olahraga ini melalui berbagai program dan kompetisi tingkat nasional.","Olahraga","2024-01-25"
4,"Inovasi Pertanian Digital di Jawa Tengah","Petani di Jawa Tengah mulai mengadopsi teknologi pertanian digital untuk meningkatkan hasil panen. Penggunaan drone dan sensor IoT membantu memantau kondisi tanah dan tanaman secara real-time. Produktivitas meningkat hingga 40% dengan biaya yang lebih efisien.","Pertanian","2024-02-01"
5,"Startup Edukasi Raih Pendanaan Besar","Startup edukasi asal Indonesia berhasil mendapatkan pendanaan Series B senilai $50 juta. Platform pembelajaran online ini telah melayani lebih dari 2 juta siswa di seluruh Indonesia. Investasi akan digunakan untuk pengembangan teknologi AI dan ekspansi regional.","Teknologi","2024-02-05"
6,"Festival Musik Jakarta Sukses Besar","Festival musik tahunan di Jakarta berhasil menarik lebih dari 100.000 pengunjung dari berbagai negara. Banyak artis internasional dan lokal tampil dalam acara tiga hari tersebut. Event ini memberikan dampak ekonomi signifikan bagi sektor hiburan lokal.","Hiburan","2024-02-10"
7,"Program Vaksinasi Nasional Capai Target","Program vaksinasi nasional berhasil mencapai target 80% populasi dewasa. Pemerintah berencana meluncurkan program booster untuk meningkatkan kekebalan komunitas. Kasus COVID-19 menunjukkan penurunan drastis dalam beberapa bulan terakhir.","Kesehatan","2024-02-15"
8,"UMKM Go Digital Naik Signifikan","Jumlah UMKM yang beralih ke platform digital meningkat 200% dalam setahun terakhir. E-commerce dan marketplace menjadi andalan bagi para pelaku usaha kecil untuk menjangkau pasar yang lebih luas. Pemerintah menyediakan pelatihan dan subsidi untuk mendukung transformasi digital.","Ekonomi","2024-02-20"
9,"Film Indonesia Raih Penghargaan Internasional","Film produksi Indonesia berhasil meraih penghargaan di festival film internasional. Karya sineas muda ini mendapat apresiasi tinggi dari kritikus film dunia. Prestasi ini membuka peluang bagi industri film nasional untuk go global.","Hiburan","2024-02-25"
10,"Infrastruktur Transportasi Modern Dibangun","Pemerintah mulai membangun infrastruktur transportasi modern di berbagai kota besar. Proyek MRT dan LRT dipercepat untuk mengatasi kemacetan perkotaan. Transportasi publik yang terintegrasi diharapkan dapat mengurangi penggunaan kendaraan pribadi.","Infrastruktur","2024-03-01"
11,"Kuliner Indonesia Mendunia","Masakan tradisional Indonesia semakin populer di mancanegara. Restoran Indonesia bermunculan di berbagai ibu kota dunia. Rempah-rempah khas Indonesia menjadi daya tarik utama bagi para pecinta kuliner internasional.","Kuliner","2024-03-05"
12,"Green Energy Initiative Diluncurkan","Indonesia meluncurkan inisiatif energi hijau untuk mengurangi emisi karbon. Pembangkit listrik tenaga surya dan angin akan dibangun di berbagai lokasi strategis. Targetnya 30% energi berasal dari sumber terbarukan pada tahun 2030.","Lingkungan","2024-03-10"
13,"Digital Banking Transformasi Perbankan","Sektor perbankan mengalami transformasi digital yang pesat. Layanan perbankan digital semakin diminati oleh masyarakat urban. Bank-bank tradisional berinovasi untuk tetap kompetitif di era digital.","Ekonomi","2024-03-15"
14,"E-Sports Tournament Prize Pool Meningkat","Turnamen e-sports di Indonesia menawarkan hadiah total yang semakin besar. Popularitas e-sports sebagai karir profesional semakin diterima masyarakat. Tim Indonesia berhasil meraih prestasi di kompetisi internasional.","Olahraga","2024-03-20"
15,"Smart City Project Dipercepat","Proyek smart city di beberapa kota besar dipercepat implementasinya. Integrasi teknologi IoT dalam pengelolaan kota meningkatkan efisiensi layanan publik. Warga dapat mengakses berbagai layanan melalui aplikasi mobile.","Teknologi","2024-03-25"
16,"Pendidikan Vokasi Diperkuat","Pemerintah memperkuat sistem pendidikan vokasi untuk mencetak tenaga kerja terampil. Kerjasama dengan industri memastikan kurikulum relevan dengan kebutuhan pasar. Lulusan vokasi memiliki prospek karir yang cerah.","Pendidikan","2024-04-01"
17,"Marine Tourism Potential Dikembangkan","Potensi pariwisata bahari Indonesia mulai dikembangkan secara maksimal. Destinasi diving dan snorkeling baru dibuka untuk wisatawan. Kelestarian ekosistem laut menjadi prioritas dalam pengembangan ini.","Pariwisata","2024-04-05"
18,"Health Tech Innovation Booming","Inovasi health tech mengalami booming di Indonesia. Startup kesehatan digital menawarkan berbagai layanan medis online. Telemedicine semakin populer di kalangan masyarakat perkotaan.","Kesehatan","2024-04-10"
19,"Creative Economy Contribution Increases","Kontribusi ekonomi kreatif terhadap PDB nasional terus meningkat. Subsektor fesyen, film, dan musik menjadi motor utama pertumbuhan. Pemerintah memberikan berbagai insentif untuk pelaku ekonomi kreatif.","Ekonomi","2024-04-15"
20,"Cultural Heritage Preservation Efforts","Upaya pelestarian warisan budaya semakin gencar dilakukan. Situs bersejarah dan tradisi lama dilestarikan melalui program pemerintah. Generasi muda diajak ikut serta dalam menjaga kekayaan budaya bangsa.","Budaya","2024-04-20"
21,"Agricultural Export Increases","Ekspor produk pertanian Indonesia meningkat signifikan. Kopi, cokelat, dan rempah-rempah menjadi komoditas unggulan. Permintaan pasar global terhadap produk organik Indonesia semakin tinggi.","Pertanian","2024-04-25"
22,"5G Network Expansion Continues","Perluasan jaringan 5G terus berlanjut di berbagai kota. Kecepatan internet yang lebih tinggi mendukung transformasi digital. Industri teknologi memanfaatkan 5G untuk pengembangan IoT dan AI.","Teknologi","2024-05-01"
23,"Sustainable Fashion Movement Gerakkan Industri","Gerakan fesyen berkelanjutan mulai menggerakkan industri tekstil. Desainer lokal menggunakan bahan ramah lingkungan dalam karyanya. Konsumen semakin sadar pentingnya fashion yang etis dan berkelanjutan.","Lingkungan","2024-05-05"
24,"Digital Literacy Program Launched","Program literasi digital diluncurkan untuk meningkatkan kemampuan masyarakat. Pelatihan diberikan kepada berbagai kelompok usia. Tujuannya adalah mengurangi kesenjangan digital di masyarakat.","Pendidikan","2024-05-10"
25,"Renewable Energy Investment Flows","Investasi energi terbarukan mengalir masuk ke Indonesia. Investor asing tertarik dengan potensi energi surya dan angin. Pemerintah menyediakan insentif fiskal untuk menarik investasi hijau.","Ekonomi","2024-05-15"
26,"Traditional Art Modernization","Seni tradisional dimodernisasi untuk menarik minat generasi muda. Kolaborasi antara senior dan junior seniman menciptakan karya baru. Pertunjukan tradisional dikemas dengan sentuhan kontemporer.","Budaya","2024-05-20"
27,"Food Security Program Strengthened","Program ketahanan pangan diperkuat melalui berbagai inisiatif. Lahan pertanian baru dibuka untuk meningkatkan produksi. Teknologi pertanian modern diterapkan untuk hasil optimal.","Pertanian","2024-05-25"
28,"Cybersecurity Awareness Increased","Kesadaran keamanan siber meningkat di kalangan masyarakat. Perusahaan dan individu lebih waspada terhadap ancaman digital. Pemerintah mengeluarkan regulasi baru untuk melindungi data pribadi.","Teknologi","2024-06-01"
29,"Tourism Village Development Successful","Pengembangan desa wisata terbukti berhasil meningkatkan ekonomi lokal. Wisatawan dapat merasakan pengalaman autentik kehidupan desa. Masyarakat lokal menjadi pelaku utama pariwisata berkelanjutan.","Pariwisata","2024-06-05"
30,"Mental Health Awareness Grows","Kesadaran kesehatan mental semakin tumbuh di masyarakat. Stigma terhadap masalah mental perlahan berkurang. Layanan konseling dan terapi semakin mudah diakses.","Kesehatan","2024-06-10"